date;time;user;nice;system;idle;iowait;irq;softirq
2023-10-25;14:31:50;0.5;0.0;0.5;68.5;0.0;0.0;30.5
2023-10-25;14:31:51;0.5;0.0;0.5;69.0;0.0;0.0;30.0
2023-10-25;14:31:52;0.2;0.0;0.2;66.8;0.0;0.0;32.8
2023-10-25;14:31:53;0.2;0.0;0.2;66.2;0.0;0.0;33.2
2023-10-25;14:31:54;0.0;0.0;0.0;70.0;0.0;0.0;30.0
2023-10-25;14:31:55;0.0;0.0;0.0;67.0;0.0;0.0;33.0
2023-10-25;14:31:56;0.8;0.8;1.2;65.5;0.0;0.0;31.8
2023-10-25;14:31:57;0.2;0.0;0.5;65.2;0.0;0.0;34.0
2023-10-25;14:31:58;0.0;0.0;0.2;66.0;0.0;0.0;33.8
2023-10-25;14:31:59;0.0;0.0;0.0;67.2;0.0;0.0;32.8
2023-10-25;14:32:00;0.5;0.0;0.2;63.0;0.0;0.0;36.2
2023-10-25;14:32:01;0.0;0.0;0.5;60.8;0.0;0.0;38.8
2023-10-25;14:32:02;0.2;0.0;0.0;59.2;0.0;0.0;40.5
2023-10-25;14:32:03;0.0;0.0;0.0;57.2;0.0;0.0;42.8
2023-10-25;14:32:04;0.0;0.0;0.2;57.2;0.0;0.0;42.5
2023-10-25;14:32:05;0.2;0.0;0.5;55.9;0.0;0.0;43.3
2023-10-25;14:32:06;0.2;0.0;0.5;50.0;0.0;0.0;49.2
2023-10-25;14:32:07;0.0;0.0;0.0;53.0;0.0;0.0;47.0
2023-10-25;14:32:08;0.2;0.0;0.0;53.8;0.0;0.0;46.0
2023-10-25;14:32:09;0.2;0.0;0.5;51.5;0.0;0.0;47.8
2023-10-25;14:32:10;0.5;0.0;0.0;53.2;0.0;0.0;46.2
2023-10-25;14:32:11;1.0;0.0;0.8;45.0;1.2;0.0;52.0
2023-10-25;14:32:12;0.0;0.0;0.0;50.8;0.0;0.0;49.2
2023-10-25;14:32:13;0.0;0.0;0.0;51.5;0.0;0.0;48.5
2023-10-25;14:32:14;0.2;0.0;0.0;48.0;0.0;0.0;51.8
2023-10-25;14:32:15;0.0;0.0;0.2;47.5;0.0;0.0;52.2
2023-10-25;14:32:16;0.0;0.0;0.2;44.8;0.0;0.0;55.0
2023-10-25;14:32:17;0.0;0.0;0.0;49.5;0.0;0.0;50.5
2023-10-25;14:32:18;0.0;0.0;0.0;47.8;0.0;0.0;52.2
2023-10-25;14:32:19;0.0;0.0;0.0;45.0;0.0;0.0;55.0
2023-10-25;14:32:20;0.0;0.0;0.2;39.0;0.0;0.0;60.8
2023-10-25;14:32:21;0.5;0.0;0.2;36.8;0.0;0.0;62.5
2023-10-25;14:32:22;0.0;0.0;0.0;35.8;0.0;0.0;64.2
2023-10-25;14:32:23;0.0;0.0;0.0;32.2;0.0;0.0;67.8
2023-10-25;14:32:24;0.2;0.0;0.2;34.9;0.0;0.0;64.6
2023-10-25;14:32:25;0.2;0.0;0.0;35.8;0.0;0.0;64.0
2023-10-25;14:32:26;0.5;0.0;0.2;34.8;0.0;0.0;64.5
2023-10-25;14:32:27;0.0;0.0;0.5;35.0;0.0;0.0;64.5
2023-10-25;14:32:28;0.0;0.0;0.2;34.2;0.0;0.0;65.5
2023-10-25;14:32:29;0.0;0.0;0.0;37.2;0.0;0.0;62.8
2023-10-25;14:32:30;0.2;0.0;0.8;31.8;0.0;0.0;67.2
2023-10-25;14:32:31;0.0;0.0;0.2;34.2;0.0;0.0;65.5
2023-10-25;14:32:32;0.0;0.0;0.0;29.2;0.0;0.0;70.8
2023-10-25;14:32:33;0.0;0.0;0.0;35.5;0.0;0.0;64.5
2023-10-25;14:32:34;0.2;0.0;0.0;32.8;0.0;0.0;67.0
2023-10-25;14:32:35;0.0;0.0;0.0;31.8;0.0;0.0;68.2
2023-10-25;14:32:36;0.2;0.0;0.2;30.8;0.0;0.0;68.8
2023-10-25;14:32:37;0.5;0.0;0.0;34.5;0.0;0.0;65.0
2023-10-25;14:32:38;0.0;0.0;0.2;32.2;0.0;0.0;67.5
2023-10-25;14:32:39;0.0;0.0;0.2;34.5;0.0;0.0;65.2
2023-10-25;14:32:40;0.0;0.0;0.0;33.5;0.0;0.0;66.5
2023-10-25;14:32:41;0.2;0.0;1.5;35.0;0.0;0.0;63.2
2023-10-25;14:32:42;0.0;0.0;0.0;36.5;0.0;0.0;63.5
2023-10-25;14:32:43;0.0;0.0;0.0;32.2;0.0;0.0;67.8
2023-10-25;14:32:44;0.0;0.0;0.0;33.2;0.0;0.0;66.8
2023-10-25;14:32:45;0.0;0.0;0.0;34.5;0.0;0.0;65.5
2023-10-25;14:32:46;0.5;0.0;0.0;33.5;0.0;0.0;66.0
2023-10-25;14:32:47;0.0;0.0;0.0;32.2;0.0;0.0;67.8
2023-10-25;14:32:48;0.0;0.0;0.0;33.8;0.0;0.0;66.2
2023-10-25;14:32:49;0.2;0.0;0.0;34.8;0.0;0.0;65.0
2023-10-25;14:32:50;0.0;0.0;0.0;32.8;0.0;0.0;67.2
2023-10-25;14:32:51;0.8;0.0;0.0;33.0;0.0;0.0;66.2
2023-10-25;14:32:52;0.2;0.0;0.0;34.2;0.0;0.0;65.5
2023-10-25;14:32:53;0.5;0.0;0.2;32.5;0.0;0.0;66.8
2023-10-25;14:32:54;0.0;0.0;0.5;33.2;0.0;0.0;66.2
2023-10-25;14:32:55;0.2;0.0;0.2;32.8;0.0;0.0;66.8
2023-10-25;14:32:56;1.2;0.5;0.8;30.0;0.8;0.0;66.8
2023-10-25;14:32:57;0.2;0.0;0.0;34.5;0.0;0.0;65.2
2023-10-25;14:32:58;0.5;0.0;0.2;36.0;0.0;0.0;63.2
2023-10-25;14:32:59;0.0;0.0;0.2;32.5;0.0;0.0;67.2
2023-10-25;14:33:00;0.0;0.0;1.0;31.2;0.0;0.0;67.8
2023-10-25;14:33:01;0.0;0.0;0.2;29.8;0.0;0.0;70.0
2023-10-25;14:33:02;0.0;0.0;0.0;35.1;0.0;0.0;64.9
2023-10-25;14:33:03;0.0;0.0;0.0;34.8;0.0;0.0;65.2
2023-10-25;14:33:04;0.0;0.0;0.0;32.0;0.0;0.0;68.0
2023-10-25;14:33:05;0.2;0.0;0.0;32.2;0.0;0.0;67.5
2023-10-25;14:33:06;0.2;0.0;0.2;30.0;0.0;0.0;69.5
2023-10-25;14:33:07;0.0;0.0;0.0;32.5;0.0;0.0;67.5
2023-10-25;14:33:08;0.0;0.0;0.0;31.2;0.0;0.0;68.8
2023-10-25;14:33:09;0.0;0.0;0.0;33.8;0.0;0.0;66.2
2023-10-25;14:33:10;1.0;0.0;0.2;93.0;0.0;0.0;5.8
2023-10-25;14:33:11;0.5;1.0;1.2;90.5;0.0;0.0;6.8
2023-10-25;14:33:12;0.5;0.0;0.2;93.0;0.0;0.0;6.2
2023-10-25;14:33:13;0.0;0.0;0.2;96.8;0.0;0.0;3.0
2023-10-25;14:33:14;0.0;0.0;0.2;96.8;0.0;0.0;3.0
2023-10-25;14:33:15;9.8;0.0;5.0;80.8;0.0;0.0;4.5
2023-10-25;14:33:16;0.2;0.0;0.0;95.0;0.0;0.0;4.8
2023-10-25;14:33:17;0.2;0.0;0.2;96.3;0.0;0.0;3.2
2023-10-25;14:33:18;0.0;0.0;0.8;92.5;0.0;0.0;6.8
2023-10-25;14:33:19;0.2;0.0;0.0;91.5;0.0;0.0;8.2
2023-10-25;14:33:20;0.5;0.0;0.0;90.5;0.0;0.0;9.0
2023-10-25;14:33:21;0.0;0.0;0.0;90.0;0.0;0.0;10.0
2023-10-25;14:33:22;0.2;0.0;0.2;96.0;0.0;0.0;3.5
2023-10-25;14:33:23;0.2;0.0;1.0;92.0;0.0;0.0;6.8
2023-10-25;14:33:24;0.2;0.0;0.0;93.5;0.0;0.0;6.2
2023-10-25;14:33:25;0.0;0.0;0.5;96.5;0.0;0.0;3.0
2023-10-25;14:33:26;1.0;0.5;1.0;92.2;0.0;0.0;5.2
2023-10-25;14:33:27;0.5;0.0;0.8;94.8;0.0;0.0;4.0
2023-10-25;14:33:28;0.0;0.0;0.0;97.2;0.0;0.0;2.8
2023-10-25;14:33:29;0.2;0.0;0.8;93.8;0.0;0.0;5.2
2023-10-25;14:33:30;0.0;0.0;0.5;94.0;0.0;0.0;5.5
2023-10-25;14:33:31;1.8;0.2;3.2;86.2;0.2;0.0;8.2
2023-10-25;14:33:32;1.5;0.0;2.2;88.5;0.0;0.0;7.8
2023-10-25;14:33:33;0.2;0.0;0.5;94.1;0.0;0.0;5.2
2023-10-25;14:33:34;0.5;0.0;0.2;96.2;0.0;0.0;3.0
2023-10-25;14:33:35;0.0;0.0;0.0;97.0;0.0;0.0;3.0
2023-10-25;14:33:36;0.2;0.0;0.2;95.8;0.2;0.0;3.5
2023-10-25;14:33:37;0.0;0.0;1.0;95.0;0.0;0.0;4.0
2023-10-25;14:33:38;0.0;0.0;0.0;95.2;0.0;0.0;4.8
2023-10-25;14:33:39;0.2;0.0;0.0;95.5;0.0;0.0;4.2
2023-10-25;14:33:40;0.0;0.0;0.0;93.0;0.0;0.0;7.0
2023-10-25;14:33:41;1.0;1.0;2.0;90.0;0.0;0.0;6.0
2023-10-25;14:33:42;0.2;0.0;0.5;94.5;0.0;0.0;4.8
2023-10-25;14:33:43;1.0;0.0;0.2;96.0;0.0;0.0;2.8
2023-10-25;14:33:44;0.0;0.0;0.0;92.8;0.0;0.0;7.2
2023-10-25;14:33:45;0.2;0.0;0.8;88.8;0.0;0.0;10.2
2023-10-25;14:33:46;0.2;0.0;0.0;93.5;0.2;0.0;6.0
2023-10-25;14:33:47;0.2;0.0;0.7;96.0;0.0;0.0;3.0
2023-10-25;14:33:48;0.0;0.0;0.2;95.0;0.0;0.0;4.8
2023-10-25;14:33:49;0.2;0.0;0.0;94.5;0.0;0.0;5.2
2023-10-25;14:33:50;0.0;0.0;0.2;89.5;0.0;0.0;10.2
2023-10-25;14:33:51;0.0;0.2;0.2;94.0;0.2;0.0;5.2
2023-10-25;14:33:52;0.2;0.0;0.5;92.5;0.0;0.0;6.8
2023-10-25;14:33:53;0.2;0.0;0.0;95.5;0.0;0.0;4.2
2023-10-25;14:33:54;0.2;0.0;1.0;96.5;0.0;0.0;2.2
2023-10-25;14:33:55;0.2;0.0;0.0;94.8;0.0;0.0;5.0
2023-10-25;14:33:56;1.0;0.2;1.0;95.5;0.0;0.0;2.2
2023-10-25;14:33:57;1.0;0.0;0.0;96.2;0.0;0.0;2.8
2023-10-25;14:33:58;0.2;0.0;0.0;95.5;0.0;0.0;4.2
2023-10-25;14:33:59;0.2;0.0;0.2;94.5;0.0;0.0;5.0
2023-10-25;14:34:00;0.2;0.0;0.5;93.5;0.0;0.0;5.8
2023-10-25;14:34:01;0.8;0.0;0.2;93.2;0.5;0.0;5.2
2023-10-25;14:34:02;0.5;0.0;0.0;91.8;0.0;0.0;7.8
2023-10-25;14:34:03;0.8;0.0;0.2;94.0;0.0;0.0;5.0
2023-10-25;14:34:04;0.5;0.0;0.2;91.8;0.0;0.0;7.4
2023-10-25;14:34:05;0.0;0.0;0.0;95.5;0.0;0.0;4.5
2023-10-25;14:34:06;0.0;0.2;0.8;94.5;0.2;0.0;4.2
2023-10-25;14:34:07;0.2;0.0;0.2;89.5;0.0;0.0;10.0
2023-10-25;14:34:08;0.0;0.0;0.2;92.0;0.0;0.0;7.8
2023-10-25;14:34:09;0.2;0.0;0.2;94.0;0.0;0.0;5.5
2023-10-25;14:34:10;0.0;0.0;0.0;93.8;0.0;0.0;6.2
2023-10-25;14:34:11;0.8;1.0;2.0;89.2;0.0;0.0;7.0
2023-10-25;14:34:12;0.0;0.0;0.2;91.5;0.0;0.0;8.2
2023-10-25;14:34:13;0.0;0.0;0.0;90.5;0.0;0.0;9.5
2023-10-25;14:34:14;0.0;0.0;0.0;94.8;0.0;0.0;5.2
2023-10-25;14:34:15;0.0;0.0;0.0;96.0;0.0;0.0;4.0
2023-10-25;14:34:16;0.8;0.0;0.8;93.5;0.2;0.0;4.8
2023-10-25;14:34:17;0.8;0.0;0.8;92.5;0.0;0.0;6.0
2023-10-25;14:34:18;0.2;0.0;0.2;95.5;0.0;0.0;4.0
2023-10-25;14:34:19;0.2;0.0;0.5;94.6;0.0;0.0;4.7
2023-10-25;14:34:20;0.0;0.0;0.5;94.8;0.0;0.0;4.8
2023-10-25;14:34:21;0.5;0.2;0.5;92.2;0.0;0.0;6.5
2023-10-25;14:34:22;0.8;0.0;0.2;96.5;0.0;0.0;2.5
2023-10-25;14:34:23;0.0;0.0;0.5;96.8;0.0;0.0;2.8
2023-10-25;14:34:24;0.5;0.0;0.0;96.0;0.0;0.0;3.5
2023-10-25;14:34:25;0.0;0.0;0.0;96.5;0.0;0.0;3.5
2023-10-25;14:34:26;1.0;0.5;2.0;92.0;0.0;0.0;4.5
2023-10-25;14:34:27;0.0;0.0;0.2;95.8;0.0;0.0;4.0
2023-10-25;14:34:28;0.2;0.0;0.0;92.2;0.0;0.0;7.5
2023-10-25;14:34:29;0.2;0.0;0.2;93.5;0.0;0.0;6.0
2023-10-25;14:34:30;0.2;0.0;0.2;95.5;0.0;0.0;4.0
2023-10-25;14:34:31;0.0;0.0;1.0;93.8;0.5;0.0;4.8
2023-10-25;14:34:32;0.2;0.0;0.0;94.8;0.0;0.0;5.0
2023-10-25;14:34:33;0.5;0.0;0.0;96.5;0.0;0.0;3.0
2023-10-25;14:34:34;0.0;0.0;0.2;94.0;0.0;0.0;5.8
2023-10-25;14:34:35;0.0;0.0;0.5;95.0;0.0;0.0;4.5
2023-10-25;14:34:36;1.2;0.0;1.0;94.2;0.2;0.0;3.2
2023-10-25;14:34:37;0.2;0.0;0.5;96.2;0.0;0.0;3.0
2023-10-25;14:34:38;0.0;0.0;0.2;96.0;0.0;0.0;3.8
2023-10-25;14:34:39;0.2;0.0;0.0;97.2;0.0;0.0;2.5
2023-10-25;14:34:40;0.2;0.2;0.5;93.8;0.0;0.0;5.2
2023-10-25;14:34:41;0.8;0.2;1.5;91.0;0.0;0.0;6.5
2023-10-25;14:34:42;0.5;0.0;0.2;93.5;0.0;0.0;5.8
2023-10-25;14:34:43;0.2;0.0;0.0;91.5;0.0;0.0;8.2
2023-10-25;14:34:44;0.2;0.0;0.0;94.5;0.0;0.0;5.2
2023-10-25;14:34:45;0.2;0.0;0.5;95.5;0.0;0.0;3.8
2023-10-25;14:34:46;0.5;0.0;0.8;94.2;0.2;0.0;4.2
2023-10-25;14:34:47;0.2;0.0;1.5;92.8;0.0;0.0;5.5
2023-10-25;14:34:48;0.0;0.0;0.2;96.2;0.0;0.0;3.5
2023-10-25;14:34:49;0.2;0.0;0.2;96.2;0.0;0.0;3.2
2023-10-25;14:34:50;0.5;0.0;0.0;94.1;0.0;0.0;5.4
2023-10-25;14:34:51;0.0;0.0;0.2;94.8;0.0;0.0;5.0
2023-10-25;14:34:52;0.0;0.0;0.5;92.8;0.0;0.0;6.8
2023-10-25;14:34:53;0.2;0.0;0.0;96.5;0.0;0.0;3.2
2023-10-25;14:34:54;0.2;0.0;0.5;95.5;0.0;0.0;3.8
2023-10-25;14:34:55;0.2;0.5;0.5;94.5;0.0;0.0;4.2
2023-10-25;14:34:56;0.8;0.2;0.0;92.8;0.0;0.0;6.2
2023-10-25;14:34:57;0.5;0.0;0.8;89.5;0.0;0.0;9.2
2023-10-25;14:34:58;0.2;0.0;0.2;88.0;0.0;0.0;11.5
2023-10-25;14:34:59;0.0;0.0;0.8;90.5;0.0;0.0;8.8
2023-10-25;14:35:00;0.0;0.0;1.2;93.5;0.0;0.0;5.2
2023-10-25;14:35:01;0.0;0.0;0.8;94.0;0.5;0.0;4.8
2023-10-25;14:35:02;0.0;0.0;0.5;92.0;0.0;0.0;7.5
2023-10-25;14:35:03;0.0;0.0;0.2;94.8;0.0;0.0;5.0
2023-10-25;14:35:04;0.2;0.0;0.2;96.5;0.0;0.0;3.0
2023-10-25;14:35:05;0.0;0.0;0.5;96.2;0.0;0.0;3.2
2023-10-25;14:35:06;0.5;0.0;0.2;94.5;0.2;0.0;4.5
2023-10-25;14:35:07;0.0;0.0;1.2;93.6;0.0;0.0;5.2
2023-10-25;14:35:08;0.2;0.0;0.0;93.8;0.0;0.0;6.0
2023-10-25;14:35:09;0.2;0.0;0.0;96.8;0.0;0.0;3.0
2023-10-25;14:35:10;0.0;1.2;0.5;92.2;0.0;0.0;6.0
2023-10-25;14:35:11;0.8;0.0;2.0;86.5;0.0;0.0;10.8
2023-10-25;14:35:12;0.2;0.0;0.5;90.0;0.0;0.0;9.2
2023-10-25;14:35:13;0.0;0.0;0.0;90.5;0.0;0.0;9.5
2023-10-25;14:35:14;0.2;0.0;0.0;91.8;0.0;0.0;8.0
2023-10-25;14:35:15;1.0;0.0;0.8;88.2;0.0;0.0;10.0
2023-10-25;14:35:16;0.0;0.0;0.2;88.2;0.5;0.0;11.0
2023-10-25;14:35:17;0.8;0.0;0.0;89.5;0.0;0.0;9.8
2023-10-25;14:35:18;0.0;0.0;0.2;90.5;0.0;0.0;9.2
2023-10-25;14:35:19;0.5;0.0;0.0;88.5;0.0;0.0;11.0
2023-10-25;14:35:20;0.0;0.0;0.5;92.5;0.0;0.0;7.0
2023-10-25;14:35:21;0.2;0.0;0.8;92.8;0.5;0.0;5.8
2023-10-25;14:35:22;1.0;0.0;1.2;92.2;0.0;0.0;5.5
2023-10-25;14:35:23;0.0;0.0;0.5;94.8;0.0;0.0;4.8
2023-10-25;14:35:24;0.2;0.0;0.0;95.8;0.0;0.0;4.0
2023-10-25;14:35:25;1.0;0.5;2.2;93.0;0.0;0.0;3.2
2023-10-25;14:35:26;0.0;0.0;0.2;93.5;0.0;0.0;6.2
2023-10-25;14:35:27;0.0;0.0;0.5;94.2;0.0;0.0;5.2
2023-10-25;14:35:28;0.0;0.0;0.2;93.2;0.0;0.0;6.5
2023-10-25;14:35:29;0.8;0.0;0.5;92.5;0.0;0.0;6.2
2023-10-25;14:35:30;0.0;0.0;0.5;94.2;0.2;0.0;5.0
2023-10-25;14:35:31;0.2;0.0;0.2;96.0;0.0;0.0;3.5
2023-10-25;14:35:32;0.0;0.0;0.0;93.8;0.0;0.0;6.2
2023-10-25;14:35:33;0.0;0.0;0.0;93.5;0.0;0.0;6.5
2023-10-25;14:35:34;0.0;0.0;0.2;94.2;0.0;0.0;5.5
2023-10-25;14:35:35;0.2;0.0;0.5;97.2;0.0;0.0;2.0
2023-10-25;14:35:36;0.0;0.0;0.2;98.8;0.0;0.0;1.0
2023-10-25;14:35:37;0.8;0.0;0.8;94.5;0.0;0.0;4.0
2023-10-25;14:35:38;0.0;0.0;0.0;95.0;0.0;0.0;5.0
2023-10-25;14:35:39;0.2;0.0;0.8;95.0;0.0;0.0;4.0
2023-10-25;14:35:40;0.5;0.7;1.5;95.0;0.0;0.0;2.2
2023-10-25;14:35:41;0.2;0.0;0.0;96.5;0.0;0.0;3.2
2023-10-25;14:35:42;0.5;0.0;0.5;93.5;0.0;0.0;5.5
2023-10-25;14:35:43;0.2;0.0;0.0;95.5;0.0;0.0;4.2
2023-10-25;14:35:44;0.8;0.0;0.5;94.5;0.0;0.0;4.2
2023-10-25;14:35:45;0.2;0.0;0.2;95.8;0.2;0.0;3.5
2023-10-25;14:35:46;0.0;0.0;0.0;94.5;0.0;0.0;5.5
2023-10-25;14:35:47;0.5;0.0;0.2;90.8;0.0;0.0;8.5
2023-10-25;14:35:48;0.0;0.0;0.0;89.2;0.0;0.0;10.8
2023-10-25;14:35:49;0.0;0.0;0.2;95.2;0.0;0.0;4.5
2023-10-25;14:35:50;0.2;0.2;0.2;96.5;0.0;0.0;2.8
2023-10-25;14:35:51;0.8;0.0;1.0;92.2;0.0;0.0;6.0
2023-10-25;14:35:52;0.2;0.0;0.2;95.5;0.0;0.0;4.0
2023-10-25;14:35:53;0.0;0.0;0.0;96.5;0.0;0.0;3.5
2023-10-25;14:35:54;0.2;0.0;0.2;96.2;0.0;0.0;3.2
2023-10-25;14:35:55;0.5;0.8;1.2;93.2;0.0;0.0;4.2
2023-10-25;14:35:56;0.2;0.0;0.0;96.8;0.2;0.0;2.8
2023-10-25;14:35:57;0.2;0.0;1.5;94.8;0.0;0.0;3.5
2023-10-25;14:35:58;0.0;0.0;0.0;97.2;0.0;0.0;2.8
2023-10-25;14:35:59;0.8;0.0;0.8;94.8;0.0;0.0;3.8
2023-10-25;14:36:00;0.2;0.0;0.5;93.8;0.5;0.0;5.0
2023-10-25;14:36:01;0.0;0.0;0.2;95.0;0.0;0.0;4.8
2023-10-25;14:36:02;0.2;0.0;0.5;95.2;0.0;0.0;4.0
2023-10-25;14:36:03;0.2;0.0;0.0;88.8;0.0;0.0;11.0
2023-10-25;14:36:04;0.2;0.0;0.5;93.2;0.0;0.0;6.0
2023-10-25;14:36:05;0.0;0.2;0.2;92.2;0.2;0.0;7.0
2023-10-25;14:36:06;0.2;0.0;0.2;95.2;0.0;0.0;4.2
2023-10-25;14:36:07;0.2;0.0;0.2;94.8;0.0;0.0;4.8
2023-10-25;14:36:08;0.5;0.0;0.5;94.2;0.0;0.0;4.8
2023-10-25;14:36:09;0.0;0.0;0.0;96.8;0.0;0.0;3.2
2023-10-25;14:36:10;1.2;0.5;1.2;93.2;0.0;0.0;3.8
2023-10-25;14:36:11;0.2;0.0;0.2;96.2;0.0;0.0;3.2
2023-10-25;14:36:12;0.8;0.0;0.8;96.0;0.0;0.0;2.5
2023-10-25;14:36:13;6.2;0.0;5.7;85.1;0.0;0.0;3.0
2023-10-25;14:36:14;0.2;0.0;0.5;93.8;0.0;0.0;5.5
2023-10-25;14:36:15;0.0;0.0;0.0;96.2;0.2;0.0;3.5
2023-10-25;14:36:16;0.0;0.0;0.2;96.0;0.0;0.0;3.8
2023-10-25;14:36:17;0.2;0.0;0.5;92.5;0.0;0.0;6.8
2023-10-25;14:36:18;0.0;0.0;0.0;97.0;0.0;0.0;3.0
2023-10-25;14:36:19;0.0;0.0;0.5;95.5;0.0;0.0;4.0
2023-10-25;14:36:20;0.0;0.0;0.8;96.5;0.0;0.0;2.8
2023-10-25;14:36:21;0.5;0.0;0.8;94.0;0.0;0.0;4.8
2023-10-25;14:36:22;0.5;0.0;0.2;95.2;0.0;0.0;4.0
2023-10-25;14:36:23;2.2;0.0;3.2;90.8;0.0;0.0;3.8
2023-10-25;14:36:24;0.0;0.0;0.2;95.5;0.0;0.0;4.2
2023-10-25;14:36:25;0.5;0.5;1.2;94.5;0.0;0.0;3.2
2023-10-25;14:36:26;0.0;0.0;0.8;97.5;0.0;0.0;1.8
2023-10-25;14:36:27;1.0;0.0;0.5;94.0;0.0;0.0;4.5
2023-10-25;14:36:28;0.0;0.0;0.0;94.2;0.0;0.0;5.8
2023-10-25;14:36:29;0.2;0.0;0.2;94.1;0.0;0.0;5.4
2023-10-25;14:36:30;0.0;0.0;0.5;93.8;0.2;0.0;5.5
2023-10-25;14:36:31;0.5;0.0;0.5;95.2;0.0;0.0;3.8
2023-10-25;14:36:32;0.2;0.0;0.2;90.0;0.0;0.0;9.5
2023-10-25;14:36:33;0.2;0.0;0.0;95.0;0.0;0.0;4.8
2023-10-25;14:36:34;0.0;0.0;0.0;93.2;0.0;0.0;6.8
2023-10-25;14:36:35;0.2;0.2;0.2;93.2;0.2;0.0;5.8
2023-10-25;14:36:36;0.2;0.0;0.2;96.0;0.0;0.0;3.5
2023-10-25;14:36:37;0.2;0.0;0.5;94.8;0.0;0.0;4.5
2023-10-25;14:36:38;0.0;0.0;0.0;92.8;0.0;0.0;7.2
2023-10-25;14:36:39;0.0;0.0;0.5;97.0;0.0;0.0;2.5
2023-10-25;14:36:40;0.8;0.5;1.5;95.0;0.0;0.0;2.2
2023-10-25;14:36:41;0.0;0.0;0.2;98.5;0.0;0.0;1.2
2023-10-25;14:36:42;0.2;0.0;0.5;94.0;0.0;0.0;5.2
2023-10-25;14:36:43;0.0;0.0;0.5;98.5;0.0;0.0;1.0
2023-10-25;14:36:44;0.0;0.0;0.2;97.0;0.0;0.0;2.7
2023-10-25;14:36:45;0.5;0.0;0.2;96.2;0.5;0.0;2.5
2023-10-25;14:36:46;0.0;0.0;0.2;94.8;0.0;0.0;5.0
2023-10-25;14:36:47;0.5;0.0;0.2;95.8;0.0;0.0;3.5
2023-10-25;14:36:48;0.2;0.0;0.0;92.5;0.0;0.0;7.2
2023-10-25;14:36:49;0.0;0.0;0.0;96.8;0.0;0.0;3.2
2023-10-25;14:36:50;0.0;0.0;0.5;95.2;0.2;0.0;4.0
2023-10-25;14:36:51;0.2;0.0;0.2;94.2;0.0;0.0;5.2
2023-10-25;14:36:52;0.0;0.0;0.0;94.2;0.0;0.0;5.8
2023-10-25;14:36:53;0.5;0.0;0.0;95.2;0.0;0.0;4.2
2023-10-25;14:36:54;0.2;0.0;0.0;95.5;0.0;0.0;4.2
2023-10-25;14:36:55;0.8;0.2;2.2;91.5;0.0;0.0;5.2
2023-10-25;14:36:56;0.7;0.0;1.5;94.3;0.0;0.0;3.5
2023-10-25;14:36:57;0.0;0.0;0.2;91.5;0.0;0.0;8.2
2023-10-25;14:36:58;0.0;0.0;0.0;93.8;0.0;0.0;6.2
2023-10-25;14:36:59;0.0;0.0;0.2;92.0;0.0;0.0;7.8
2023-10-25;14:37:00;0.2;0.2;0.8;91.8;0.2;0.0;6.8
2023-10-25;14:37:01;0.2;0.0;0.0;90.0;0.0;0.0;9.8
2023-10-25;14:37:02;0.2;0.0;0.0;96.5;0.0;0.0;3.2
2023-10-25;14:37:03;0.0;0.0;0.2;93.0;0.0;0.0;6.8
2023-10-25;14:37:04;0.2;0.0;0.0;92.5;0.0;0.0;7.2
2023-10-25;14:37:05;0.5;0.0;0.2;95.5;0.2;0.0;3.5
2023-10-25;14:37:06;0.2;0.0;0.0;94.5;0.0;0.0;5.2
2023-10-25;14:37:07;0.0;0.0;0.5;96.8;0.0;0.0;2.8
2023-10-25;14:37:08;0.2;0.0;0.0;97.2;0.0;0.0;2.5
2023-10-25;14:37:09;0.8;0.0;0.8;96.2;0.0;0.0;2.2
2023-10-25;14:37:10;1.0;0.5;2.0;94.8;0.0;0.0;1.8
2023-10-25;14:37:11;0.2;0.0;0.2;96.5;0.0;0.0;3.0
2023-10-25;14:37:12;0.2;0.0;0.5;97.0;0.0;0.0;2.2
2023-10-25;14:37:13;0.2;0.0;0.2;96.2;0.0;0.0;3.2
2023-10-25;14:37:14;0.2;0.0;1.8;94.0;0.0;0.0;4.0
2023-10-25;14:37:15;0.0;0.0;1.2;94.2;0.2;0.0;4.2
2023-10-25;14:37:16;0.0;0.0;0.2;96.0;0.0;0.0;3.8
2023-10-25;14:37:17;0.5;0.0;0.0;96.0;0.0;0.0;3.5
2023-10-25;14:37:18;0.2;0.0;0.0;95.0;0.0;0.0;4.8
2023-10-25;14:37:19;0.2;0.0;0.0;94.2;0.0;0.0;5.5
2023-10-25;14:37:20;0.0;0.2;0.2;93.8;0.2;0.0;5.5
2023-10-25;14:37:21;0.2;0.0;0.0;95.0;0.0;0.0;4.8
2023-10-25;14:37:22;0.2;0.0;0.0;94.8;0.0;0.0;5.0
2023-10-25;14:37:23;0.0;0.0;0.0;96.5;0.0;0.0;3.5
2023-10-25;14:37:24;0.5;0.0;0.2;94.2;0.0;0.0;5.0
2023-10-25;14:37:25;0.5;0.5;1.8;93.2;0.0;0.0;4.0
2023-10-25;14:37:26;0.2;0.0;0.0;96.0;0.0;0.0;3.7
2023-10-25;14:37:27;0.2;0.0;0.0;94.5;0.0;0.0;5.2
2023-10-25;14:37:28;0.2;0.0;0.2;95.8;0.0;0.0;3.8
2023-10-25;14:37:29;0.2;0.0;0.2;95.8;0.0;0.0;3.8
2023-10-25;14:37:30;0.2;0.0;1.5;94.0;0.2;0.0;4.0
2023-10-25;14:37:31;0.0;0.0;0.5;95.0;0.0;0.0;4.5
2023-10-25;14:37:32;0.0;0.0;0.5;96.8;0.0;0.0;2.8
2023-10-25;14:37:33;0.2;0.0;0.8;94.8;0.0;0.0;4.2
2023-10-25;14:37:34;0.2;0.0;0.0;94.8;0.0;0.0;5.0
2023-10-25;14:37:35;0.0;0.0;0.0;96.8;0.0;0.0;3.2
2023-10-25;14:37:36;0.2;0.0;0.0;92.2;0.0;0.0;7.5
2023-10-25;14:37:37;0.5;0.0;0.0;92.5;0.0;0.0;7.0
2023-10-25;14:37:38;0.0;0.0;0.5;93.8;0.0;0.0;5.8
2023-10-25;14:37:39;0.0;0.0;0.5;95.0;0.0;0.0;4.5
2023-10-25;14:37:40;1.0;0.5;1.5;91.5;0.0;0.0;5.5
2023-10-25;14:37:41;0.5;0.0;0.5;95.0;0.2;0.0;3.8
2023-10-25;14:37:42;0.2;0.0;0.5;92.8;0.0;0.0;6.5
2023-10-25;14:37:43;0.5;0.0;0.0;97.0;0.0;0.0;2.5
2023-10-25;14:37:44;0.2;0.0;0.8;94.8;0.0;0.0;4.2
2023-10-25;14:37:45;0.2;0.2;0.5;94.0;0.0;0.0;5.0
2023-10-25;14:37:46;0.2;0.0;0.5;96.5;0.0;0.0;2.8
2023-10-25;14:37:47;0.2;0.0;0.5;95.8;0.0;0.0;3.5
2023-10-25;14:37:48;0.2;0.0;0.2;95.0;0.0;0.0;4.5
2023-10-25;14:37:49;0.5;0.0;0.0;94.2;0.0;0.0;5.2
2023-10-25;14:37:50;0.5;0.0;0.5;92.2;0.2;0.0;6.5
2023-10-25;14:37:51;0.0;0.0;0.0;89.2;0.0;0.0;10.8
2023-10-25;14:37:52;0.0;0.0;1.2;92.8;0.0;0.0;6.0
2023-10-25;14:37:53;0.2;0.0;0.2;95.8;0.0;0.0;3.7
2023-10-25;14:37:54;0.0;0.0;0.2;96.2;0.0;0.0;3.5
2023-10-25;14:37:55;0.8;0.5;2.0;93.8;0.0;0.0;3.0
2023-10-25;14:37:56;0.0;0.0;0.5;95.8;0.0;0.0;3.8
2023-10-25;14:37:57;0.2;0.0;0.2;93.2;0.0;0.0;6.2
2023-10-25;14:37:58;0.0;0.0;0.0;96.8;0.0;0.0;3.2
2023-10-25;14:37:59;0.2;0.0;0.0;96.5;0.0;0.0;3.2
2023-10-25;14:38:00;0.5;0.2;0.8;92.0;0.2;0.0;6.2
2023-10-25;14:38:01;0.0;0.0;0.2;89.8;0.0;0.0;10.0
2023-10-25;14:38:02;0.2;0.0;0.2;91.2;0.0;0.0;8.2
2023-10-25;14:38:03;0.8;0.0;2.0;93.0;0.0;0.0;4.2
2023-10-25;14:38:04;0.2;0.0;0.5;91.8;0.0;0.0;7.5
2023-10-25;14:38:05;0.0;0.0;0.8;91.0;0.2;0.0;8.0
2023-10-25;14:38:06;0.5;0.0;0.2;93.5;0.0;0.0;5.8
2023-10-25;14:38:07;0.0;0.0;0.7;94.1;0.0;0.0;5.2
2023-10-25;14:38:08;0.2;0.0;0.2;92.0;0.0;0.0;7.5
2023-10-25;14:38:09;0.2;0.0;0.0;96.8;0.0;0.0;3.0
2023-10-25;14:38:10;0.8;0.5;1.0;92.8;0.0;0.0;5.0
2023-10-25;14:38:11;0.0;0.0;0.0;96.5;0.0;0.0;3.5
2023-10-25;14:38:12;0.0;0.0;0.8;95.8;0.0;0.0;3.5
2023-10-25;14:38:13;0.2;0.0;0.0;95.5;0.0;0.0;4.2
2023-10-25;14:38:14;0.2;0.0;0.0;94.0;0.0;0.0;5.8
2023-10-25;14:38:15;0.0;0.0;0.2;94.8;0.5;0.0;4.5
2023-10-25;14:38:16;0.0;0.0;0.2;95.0;0.0;0.0;4.8
2023-10-25;14:38:17;0.0;0.0;0.2;94.5;0.0;0.0;5.2
2023-10-25;14:38:18;0.2;0.0;0.0;93.8;0.0;0.0;6.0
2023-10-25;14:38:19;0.0;0.0;0.5;95.2;0.0;0.0;4.2
2023-10-25;14:38:20;0.0;0.0;0.0;96.8;0.2;0.0;3.0
2023-10-25;14:38:21;0.5;0.0;0.0;95.8;0.0;0.0;3.8
2023-10-25;14:38:22;0.0;0.0;1.0;95.5;0.0;0.0;3.5
2023-10-25;14:38:23;0.2;0.0;0.0;97.5;0.0;0.0;2.2
2023-10-25;14:38:24;0.2;0.0;0.0;97.5;0.0;0.0;2.2
2023-10-25;14:38:25;1.0;1.0;1.2;92.5;0.0;0.0;4.2
2023-10-25;14:38:26;0.0;0.0;0.2;92.8;0.2;0.0;6.8
2023-10-25;14:38:27;0.5;0.0;1.2;94.8;0.0;0.0;3.5
2023-10-25;14:38:28;0.2;0.0;0.5;92.0;0.0;0.0;7.2
2023-10-25;14:38:29;0.0;0.0;0.2;96.2;0.0;0.0;3.5
2023-10-25;14:38:30;0.8;0.0;0.2;93.2;0.2;0.0;5.5
2023-10-25;14:38:31;0.2;0.0;0.2;94.5;0.0;0.0;5.0
2023-10-25;14:38:32;0.0;0.0;1.2;94.5;0.0;0.0;4.2
2023-10-25;14:38:33;0.0;0.0;0.2;94.0;0.0;0.0;5.8
2023-10-25;14:38:34;0.8;0.0;0.8;92.8;0.0;0.0;5.8
2023-10-25;14:38:35;0.0;0.0;0.5;93.2;0.2;0.0;6.0
2023-10-25;14:38:36;0.2;0.0;0.2;92.6;0.0;0.0;6.9
2023-10-25;14:38:37;0.5;0.0;0.2;86.2;0.0;0.0;13.0
2023-10-25;14:38:38;0.5;0.0;0.0;88.8;0.0;0.0;10.8
2023-10-25;14:38:39;0.2;0.0;0.0;94.0;0.0;0.0;5.8
2023-10-25;14:38:40;0.8;0.8;1.2;92.8;0.0;0.0;4.5
2023-10-25;14:38:41;0.2;0.0;0.0;95.2;0.0;0.0;4.5
2023-10-25;14:38:42;0.5;0.0;0.5;92.5;0.0;0.0;6.5
2023-10-25;14:38:43;0.2;0.0;0.0;88.0;0.0;0.0;11.8
2023-10-25;14:38:44;0.0;0.0;0.2;85.8;0.0;0.0;14.0
2023-10-25;14:38:45;0.0;0.0;0.2;93.0;0.2;0.0;6.5
2023-10-25;14:38:46;0.2;0.0;0.2;89.5;0.0;0.0;10.0
2023-10-25;14:38:47;0.2;0.0;0.5;90.8;0.0;0.0;8.5
2023-10-25;14:38:48;0.0;0.0;0.0;95.2;0.0;0.0;4.8
2023-10-25;14:38:49;0.2;0.0;0.0;94.2;0.0;0.0;5.5
2023-10-25;14:38:50;0.5;0.0;0.0;92.3;0.2;0.0;6.9
2023-10-25;14:38:51;0.2;0.0;1.0;94.5;0.0;0.0;4.2
2023-10-25;14:38:52;0.0;0.0;0.0;95.2;0.0;0.0;4.8
2023-10-25;14:38:53;0.2;0.0;0.0;96.5;0.0;0.0;3.2
2023-10-25;14:38:54;0.2;0.0;0.5;96.2;0.0;0.0;3.0
2023-10-25;14:38:55;0.5;0.8;1.2;94.8;0.0;0.0;2.8
2023-10-25;14:38:56;0.5;0.0;0.2;95.0;0.0;0.0;4.2
2023-10-25;14:38:57;0.5;0.0;0.2;95.5;0.0;0.0;3.8
2023-10-25;14:38:58;0.0;0.0;0.5;96.0;0.0;0.0;3.5
2023-10-25;14:38:59;0.0;0.0;0.2;95.2;0.0;0.0;4.5
2023-10-25;14:39:00;0.5;0.0;1.2;94.2;0.2;0.0;3.8
2023-10-25;14:39:01;0.0;0.0;0.2;95.0;0.0;0.0;4.8
2023-10-25;14:39:02;0.8;0.0;0.5;91.8;0.0;0.0;7.0
2023-10-25;14:39:03;0.5;0.0;0.5;90.8;0.0;0.0;8.2
2023-10-25;14:39:04;0.2;0.0;0.5;93.0;0.0;0.0;6.2
2023-10-25;14:39:05;0.5;0.2;0.2;93.3;0.2;0.0;5.4
2023-10-25;14:39:06;0.2;0.0;0.5;93.2;0.0;0.0;6.0
2023-10-25;14:39:07;0.0;0.0;0.2;94.2;0.0;0.0;5.5
2023-10-25;14:39:08;0.2;0.0;0.5;91.5;0.0;0.0;7.8
2023-10-25;14:39:09;0.5;0.0;0.0;94.0;0.0;0.0;5.5
2023-10-25;14:39:10;0.8;0.0;2.5;95.0;0.0;0.0;1.8
2023-10-25;14:39:12;0.8;0.0;0.5;95.5;0.2;0.0;3.0
2023-10-25;14:39:13;0.0;0.0;0.0;97.5;0.0;0.0;2.5
2023-10-25;14:39:14;0.0;0.0;0.2;97.8;0.0;0.0;2.0
2023-10-25;14:39:15;0.0;0.0;0.2;96.0;0.0;0.0;3.8
2023-10-25;14:39:16;0.0;0.0;0.0;95.0;0.5;0.0;4.5
2023-10-25;14:39:17;0.5;0.0;0.2;94.8;0.0;0.0;4.5
2023-10-25;14:39:18;0.5;0.0;0.5;91.0;0.0;0.0;8.0
2023-10-25;14:39:19;0.5;0.0;0.5;90.0;0.0;0.0;9.0
2023-10-25;14:39:20;0.2;0.0;0.0;92.1;0.0;0.0;7.7
2023-10-25;14:39:21;0.2;0.0;1.2;91.2;0.0;0.0;7.2
2023-10-25;14:39:22;0.2;0.0;0.2;93.8;0.0;0.0;5.8
2023-10-25;14:39:23;0.2;0.0;0.2;96.0;0.0;0.0;3.5
2023-10-25;14:39:24;0.5;0.0;0.2;95.8;0.0;0.0;3.5
2023-10-25;14:39:25;0.0;0.0;0.5;96.5;0.0;0.0;3.0
2023-10-25;14:39:26;1.0;1.2;1.2;93.5;0.0;0.0;3.0
2023-10-25;14:39:27;0.2;0.0;0.0;97.8;0.0;0.0;2.0
2023-10-25;14:39:28;0.0;0.0;0.5;96.2;0.0;0.0;3.2
2023-10-25;14:39:29;0.5;0.0;1.2;93.0;0.0;0.0;5.2
2023-10-25;14:39:30;0.0;0.0;0.2;94.5;0.0;0.0;5.2
2023-10-25;14:39:31;0.0;0.0;0.2;95.8;0.5;0.0;3.5
2023-10-25;14:39:32;0.2;0.0;0.2;95.5;0.0;0.0;4.0
2023-10-25;14:39:33;0.0;0.0;1.0;94.0;0.0;0.0;5.0
2023-10-25;14:39:34;0.5;0.0;0.0;92.2;0.0;0.0;7.2
2023-10-25;14:39:35;0.2;0.0;0.2;92.5;0.0;0.0;7.0
2023-10-25;14:39:36;0.2;0.0;0.7;90.8;0.0;0.0;8.2
2023-10-25;14:39:37;0.5;0.0;0.2;91.0;0.0;0.0;8.2
2023-10-25;14:39:38;0.2;0.0;0.8;94.2;0.0;0.0;4.8
2023-10-25;14:39:39;0.5;0.0;0.0;94.2;0.0;0.0;5.2
2023-10-25;14:39:40;0.5;0.0;0.2;93.8;0.0;0.0;5.5
2023-10-25;14:39:41;0.8;0.8;1.0;92.2;0.2;0.0;5.0
2023-10-25;14:39:42;0.2;0.0;0.5;95.8;0.0;0.0;3.5
2023-10-25;14:39:43;0.2;0.0;0.2;90.8;0.0;0.0;8.8
2023-10-25;14:39:44;0.2;0.0;0.2;94.2;0.0;0.0;5.2
2023-10-25;14:39:45;0.0;0.0;0.2;93.5;0.0;0.0;6.2
2023-10-25;14:39:46;0.2;0.0;0.2;92.8;0.0;0.0;6.8
2023-10-25;14:39:47;0.2;0.0;0.0;92.2;0.0;0.0;7.5
2023-10-25;14:39:48;0.0;0.0;0.8;92.5;0.0;0.0;6.8
2023-10-25;14:39:49;0.5;0.0;0.8;92.2;0.0;0.0;6.5
2023-10-25;14:39:50;0.5;0.0;0.5;88.6;0.0;0.0;10.4
2023-10-25;14:39:51;0.0;0.0;0.0;92.0;0.0;0.0;8.0
2023-10-25;14:39:52;0.0;0.0;0.5;91.5;0.0;0.0;8.0
2023-10-25;14:39:53;0.2;0.0;0.2;91.0;0.0;0.0;8.5
2023-10-25;14:39:54;0.5;0.0;0.2;91.2;0.0;0.0;8.0
2023-10-25;14:39:55;0.0;0.0;0.2;92.5;0.0;0.0;7.2
2023-10-25;14:39:56;0.5;0.5;1.5;91.2;0.0;0.0;6.2
2023-10-25;14:39:57;0.5;0.0;0.8;93.8;0.0;0.0;5.0
2023-10-25;14:39:58;0.2;0.0;0.2;93.8;0.0;0.0;5.7
2023-10-25;14:39:59;0.5;0.0;0.2;90.5;0.0;0.0;8.8
2023-10-25;14:40:00;0.2;0.0;0.8;91.8;0.0;0.0;7.2
2023-10-25;14:40:01;0.8;0.0;1.0;90.0;0.2;0.0;8.0
2023-10-25;14:40:02;0.2;0.0;0.2;85.5;0.0;0.0;14.0
2023-10-25;14:40:03;0.5;0.0;0.2;84.8;0.0;0.0;14.5
2023-10-25;14:40:04;0.0;0.0;0.2;92.5;0.0;0.0;7.2
2023-10-25;14:40:05;0.0;0.0;0.2;93.5;0.0;0.0;6.2
2023-10-25;14:40:06;0.2;0.0;1.0;94.5;0.2;0.0;4.0
2023-10-25;14:40:07;0.0;0.0;1.5;90.2;0.0;0.0;8.2
2023-10-25;14:40:08;0.0;0.0;0.2;92.8;0.0;0.0;7.0
2023-10-25;14:40:09;0.0;0.0;0.2;91.0;0.0;0.0;8.8
2023-10-25;14:40:10;0.2;0.0;0.5;94.8;0.0;0.0;4.5
2023-10-25;14:40:11;0.5;0.8;0.8;90.8;0.0;0.0;7.2
2023-10-25;14:40:12;0.0;0.0;0.2;96.5;0.0;0.0;3.2
2023-10-25;14:40:13;0.5;0.0;0.7;96.0;0.0;0.0;2.7
2023-10-25;14:40:14;0.2;0.0;0.0;96.8;0.0;0.0;3.0
2023-10-25;14:40:15;0.5;0.0;0.5;92.8;0.0;0.0;6.2
2023-10-25;14:40:16;0.2;0.0;0.5;95.2;0.5;0.0;3.5
2023-10-25;14:40:17;0.0;0.0;0.2;95.5;0.0;0.0;4.2
2023-10-25;14:40:18;0.0;0.0;0.2;95.8;0.0;0.0;4.0
2023-10-25;14:40:19;0.2;0.0;0.0;94.8;0.0;0.0;5.0
2023-10-25;14:40:20;0.5;0.0;0.2;95.0;0.0;0.0;4.2
2023-10-25;14:40:21;0.0;0.0;0.5;96.8;0.2;0.0;2.5
2023-10-25;14:40:22;0.2;0.0;0.0;96.0;0.0;0.0;3.8
2023-10-25;14:40:23;0.0;0.0;0.5;94.5;0.0;0.0;5.0
2023-10-25;14:40:24;0.0;0.0;0.0;95.8;0.0;0.0;4.2
2023-10-25;14:40:25;0.0;0.0;0.2;95.2;0.0;0.0;4.5
2023-10-25;14:40:26;1.2;0.0;3.5;92.5;0.0;0.0;2.8
2023-10-25;14:40:27;0.5;0.0;0.2;95.8;0.0;0.0;3.5
2023-10-25;14:40:28;0.0;0.0;0.2;96.0;0.0;0.0;3.7
2023-10-25;14:40:29;0.2;0.0;0.5;96.2;0.0;0.0;3.0
2023-10-25;14:40:30;0.2;0.0;0.2;98.0;0.0;0.0;1.5
2023-10-25;14:40:31;0.2;0.0;1.2;95.5;0.0;0.0;3.0
2023-10-25;14:40:32;0.2;0.0;0.2;95.8;0.0;0.0;3.8
2023-10-25;14:40:33;0.2;0.0;0.2;95.0;0.0;0.0;4.5
2023-10-25;14:40:34;0.8;0.0;0.2;92.0;0.0;0.0;7.0
2023-10-25;14:40:35;6.8;0.0;5.0;77.0;0.0;0.0;11.2
2023-10-25;14:40:36;0.2;0.0;1.0;95.0;0.2;0.0;3.5
2023-10-25;14:40:37;0.2;0.0;0.5;93.8;0.0;0.0;5.5
2023-10-25;14:40:38;0.2;0.0;0.8;95.0;0.0;0.0;4.0
2023-10-25;14:40:39;0.5;0.0;0.2;93.8;0.0;0.0;5.5
2023-10-25;14:40:40;0.0;0.0;0.0;96.2;0.0;0.0;3.8
2023-10-25;14:40:41;0.8;0.5;2.0;93.0;0.0;0.0;3.8
2023-10-25;14:40:42;0.0;0.0;0.0;95.8;0.0;0.0;4.2
2023-10-25;14:40:43;0.5;0.0;0.5;94.8;0.0;0.0;4.2
2023-10-25;14:40:44;0.2;0.0;0.2;96.0;0.0;0.0;3.5
2023-10-25;14:40:45;0.2;0.0;0.0;96.2;0.0;0.0;3.5
2023-10-25;14:40:46;2.0;0.0;4.0;91.2;0.5;0.0;2.2
2023-10-25;14:40:47;0.0;0.0;0.2;95.8;0.0;0.0;4.0
2023-10-25;14:40:48;0.0;0.0;0.0;94.0;0.0;0.0;6.0
2023-10-25;14:40:49;0.2;0.0;0.2;95.8;0.0;0.0;3.8
2023-10-25;14:40:50;0.2;0.0;0.2;96.0;0.0;0.0;3.5
2023-10-25;14:40:51;0.0;0.0;0.2;94.8;0.2;0.0;4.8
2023-10-25;14:40:52;0.2;0.0;0.2;97.8;0.0;0.0;1.8
2023-10-25;14:40:53;0.0;0.0;0.0;96.2;0.0;0.0;3.8
2023-10-25;14:40:54;0.0;0.0;0.0;96.2;0.0;0.0;3.8
2023-10-25;14:40:55;0.5;0.0;0.2;96.8;0.0;0.0;2.5
2023-10-25;14:40:56;0.7;1.2;1.5;93.3;0.0;0.0;3.2
2023-10-25;14:40:57;0.0;0.0;0.2;96.8;0.0;0.0;3.0
2023-10-25;14:40:58;0.2;0.0;0.2;97.0;0.0;0.0;2.5
2023-10-25;14:40:59;0.2;0.0;0.2;97.2;0.0;0.0;2.2
2023-10-25;14:41:00;0.5;0.0;0.2;97.2;0.0;0.0;2.0
2023-10-25;14:41:01;0.5;0.0;1.8;95.2;0.0;0.0;2.5
2023-10-25;14:41:02;0.2;0.0;0.0;97.2;0.0;0.0;2.5
2023-10-25;14:41:03;0.0;0.0;0.8;96.2;0.0;0.0;3.0
2023-10-25;14:41:04;0.0;0.0;0.0;96.5;0.0;0.0;3.5
2023-10-25;14:41:05;0.2;0.0;0.0;98.2;0.0;0.0;1.5
2023-10-25;14:41:06;0.8;0.0;1.0;95.8;0.2;0.0;2.2
2023-10-25;14:41:07;0.5;0.0;0.0;96.8;0.0;0.0;2.8
2023-10-25;14:41:08;0.2;0.0;0.0;96.5;0.0;0.0;3.2
2023-10-25;14:41:09;1.2;0.0;0.8;95.8;0.0;0.0;2.2
2023-10-25;14:41:10;0.0;0.0;0.2;97.2;0.0;0.0;2.5
2023-10-25;14:41:11;0.8;0.2;1.5;94.8;0.0;0.0;2.8
2023-10-25;14:41:12;0.2;0.0;0.2;97.3;0.0;0.0;2.2
2023-10-25;14:41:13;0.5;0.0;0.8;97.0;0.0;0.0;1.8
2023-10-25;14:41:14;0.0;0.0;0.5;99.2;0.0;0.0;0.2
2023-10-25;14:41:15;0.2;0.0;0.0;96.8;0.0;0.0;3.0
2023-10-25;14:41:16;0.5;0.0;0.8;91.2;0.5;0.0;7.0
2023-10-25;14:41:17;0.2;0.0;0.2;96.8;0.0;0.0;2.8
2023-10-25;14:41:18;0.0;0.0;0.8;96.8;0.0;0.0;2.5
2023-10-25;14:41:19;0.5;0.0;0.2;97.2;0.0;0.0;2.0
2023-10-25;14:41:20;0.0;0.0;0.2;96.2;0.0;0.0;3.5
2023-10-25;14:41:21;0.0;0.0;0.0;95.8;0.2;0.0;4.0
2023-10-25;14:41:22;0.5;0.0;0.2;95.2;0.0;0.0;4.0
2023-10-25;14:41:23;0.5;0.0;0.0;92.2;0.0;0.0;7.2
2023-10-25;14:41:24;0.0;0.0;0.5;93.5;0.0;0.0;6.0
2023-10-25;14:41:25;0.0;0.0;0.2;93.8;0.0;0.0;6.0
2023-10-25;14:41:26;0.8;0.8;1.2;93.2;0.0;0.0;4.0
2023-10-25;14:41:27;0.0;0.0;0.7;93.8;0.0;0.0;5.4
2023-10-25;14:41:28;0.0;0.0;0.5;96.0;0.0;0.0;3.5
2023-10-25;14:41:29;0.0;0.0;0.5;97.5;0.0;0.0;2.0
2023-10-25;14:41:30;0.2;0.0;0.2;96.8;0.0;0.0;2.8
2023-10-25;14:41:31;0.0;0.0;0.5;95.2;0.5;0.0;3.8
2023-10-25;14:41:32;0.0;0.0;0.2;96.8;0.0;0.0;3.0
2023-10-25;14:41:33;0.8;0.0;0.5;95.0;0.0;0.0;3.8
2023-10-25;14:41:34;0.0;0.0;0.2;95.5;0.0;0.0;4.2
2023-10-25;14:41:35;0.2;0.0;0.0;94.8;0.0;0.0;5.0
2023-10-25;14:41:36;0.2;0.2;1.0;95.8;0.0;0.0;2.8
2023-10-25;14:41:37;0.0;0.0;0.5;96.5;0.0;0.0;3.0
2023-10-25;14:41:38;0.0;0.0;0.2;97.5;0.0;0.0;2.2
2023-10-25;14:41:39;0.0;0.0;0.2;97.8;0.0;0.0;2.0
2023-10-25;14:41:40;0.2;0.0;0.0;97.0;0.0;0.0;2.8
2023-10-25;14:41:41;0.5;0.2;1.8;95.0;0.0;0.0;2.5
2023-10-25;14:41:42;0.0;0.0;0.2;97.5;0.0;0.0;2.2
2023-10-25;14:41:43;0.0;0.0;0.5;99.0;0.0;0.0;0.5
2023-10-25;14:41:44;0.2;0.0;0.5;97.8;0.0;0.0;1.5
2023-10-25;14:41:45;0.2;0.0;0.2;96.0;0.0;0.0;3.5
2023-10-25;14:41:46;0.8;0.0;0.8;94.8;0.2;0.0;3.5
2023-10-25;14:41:47;0.0;0.0;0.5;96.0;0.0;0.0;3.5
2023-10-25;14:41:48;0.2;0.0;0.5;97.5;0.0;0.0;1.8
2023-10-25;14:41:49;0.5;0.0;0.8;95.5;0.0;0.0;3.2
2023-10-25;14:41:50;0.0;0.0;0.0;97.5;0.0;0.0;2.5
2023-10-25;14:41:51;0.2;0.0;0.5;95.0;0.2;0.0;4.0
2023-10-25;14:41:52;0.5;0.0;0.0;92.5;0.0;0.0;7.0
2023-10-25;14:41:53;0.5;0.0;0.2;94.5;0.0;0.0;4.8
2023-10-25;14:41:54;0.2;0.0;0.8;95.8;0.0;0.0;3.2
2023-10-25;14:41:55;0.2;0.0;0.0;95.2;0.0;0.0;4.5
2023-10-25;14:41:56;0.8;0.8;1.2;94.2;0.0;0.0;3.0
2023-10-25;14:41:57;0.0;0.0;0.8;96.2;0.0;0.0;3.0
2023-10-25;14:41:58;0.0;0.0;0.5;96.2;0.0;0.0;3.2
2023-10-25;14:41:59;0.0;0.0;0.7;95.3;0.0;0.0;4.0
2023-10-25;14:42:00;0.2;0.0;0.0;96.8;0.0;0.0;3.0
2023-10-25;14:42:01;0.2;0.0;1.2;96.2;0.2;0.0;2.0
2023-10-25;14:42:02;0.0;0.0;0.0;94.8;0.0;0.0;5.2
2023-10-25;14:42:03;0.5;0.0;0.2;96.0;0.0;0.0;3.2
2023-10-25;14:42:04;0.2;0.0;0.2;96.0;0.0;0.0;3.5
2023-10-25;14:42:05;0.2;0.0;0.5;94.0;0.0;0.0;5.2
2023-10-25;14:42:06;0.8;0.0;0.2;96.0;0.2;0.0;2.8
2023-10-25;14:42:07;0.2;0.0;0.0;94.8;0.0;0.0;5.0
2023-10-25;14:42:08;0.0;0.0;0.5;94.5;0.0;0.0;5.0
2023-10-25;14:42:09;0.0;0.0;0.0;95.5;0.0;0.0;4.5
2023-10-25;14:42:10;2.5;0.0;6.2;88.8;0.0;0.0;2.5
2023-10-25;14:42:11;0.8;0.8;1.0;92.0;0.0;0.0;5.5
2023-10-25;14:42:12;0.0;0.0;0.0;96.0;0.0;0.0;4.0
2023-10-25;14:42:13;0.0;0.0;0.2;98.2;0.0;0.0;1.5
2023-10-25;14:42:14;1.2;0.0;1.2;94.6;0.0;0.0;3.0
2023-10-25;14:42:15;0.5;0.0;0.5;93.2;0.0;0.0;5.8
2023-10-25;14:42:16;0.2;0.0;0.0;93.2;0.5;0.0;6.0
2023-10-25;14:42:17;0.0;0.0;0.8;97.8;0.0;0.0;1.5
2023-10-25;14:42:18;0.5;0.0;0.5;97.8;0.0;0.0;1.2
2023-10-25;14:42:19;0.0;0.0;0.2;96.8;0.0;0.0;3.0
2023-10-25;14:42:20;0.0;0.0;0.2;96.0;0.0;0.0;3.8
2023-10-25;14:42:21;3.2;0.2;2.2;90.2;0.2;0.0;3.8
2023-10-25;14:42:22;0.5;0.0;0.0;94.5;0.0;0.0;5.0
2023-10-25;14:42:23;0.0;0.0;0.2;97.5;0.0;0.0;2.2
2023-10-25;14:42:24;0.0;0.0;0.0;97.2;0.0;0.0;2.8
2023-10-25;14:42:25;0.0;0.0;0.0;96.0;0.0;0.0;4.0
2023-10-25;14:42:26;0.5;1.0;1.2;91.0;0.0;0.0;6.2
2023-10-25;14:42:27;0.0;0.0;0.5;97.8;0.0;0.0;1.8
2023-10-25;14:42:28;0.0;0.0;0.2;97.2;0.0;0.0;2.5
2023-10-25;14:42:29;0.2;0.0;1.0;94.8;0.0;0.0;4.0
2023-10-25;14:42:30;0.2;0.0;0.2;93.6;0.0;0.0;5.9
2023-10-25;14:42:31;0.2;0.0;0.8;96.0;0.0;0.0;3.0
2023-10-25;14:42:32;0.2;0.0;0.2;92.0;0.0;0.0;7.5
2023-10-25;14:42:33;0.2;0.0;0.8;93.5;0.0;0.0;5.5
2023-10-25;14:42:34;0.0;0.0;0.2;94.5;0.0;0.0;5.2
2023-10-25;14:42:35;0.2;0.0;0.0;95.5;0.0;0.0;4.2
2023-10-25;14:42:36;0.5;0.2;0.0;92.2;0.0;0.0;7.0
2023-10-25;14:42:37;0.0;0.0;0.8;95.8;0.0;0.0;3.5
2023-10-25;14:42:38;0.2;0.0;0.0;96.2;0.0;0.0;3.5
2023-10-25;14:42:39;0.5;0.0;0.2;93.8;0.0;0.0;5.5
2023-10-25;14:42:40;0.0;0.0;0.2;96.0;0.0;0.0;3.8
2023-10-25;14:42:41;0.8;1.0;1.5;93.0;0.0;0.0;3.8
2023-10-25;14:42:42;0.8;0.0;0.5;93.5;0.0;0.0;5.2
2023-10-25;14:42:43;0.0;0.0;0.2;98.8;0.0;0.0;1.0
2023-10-25;14:42:44;0.2;0.0;0.5;96.5;0.0;0.0;2.8
2023-10-25;14:42:45;0.0;0.0;0.0;97.0;0.0;0.0;3.0
2023-10-25;14:42:46;0.7;0.0;0.2;94.6;0.5;0.0;4.0
2023-10-25;14:42:47;0.0;0.0;0.2;96.5;0.0;0.0;3.2
2023-10-25;14:42:48;0.2;0.0;0.5;95.8;0.0;0.0;3.5
2023-10-25;14:42:49;0.0;0.0;0.8;96.8;0.0;0.0;2.5
2023-10-25;14:42:50;0.0;0.0;0.0;96.5;0.0;0.0;3.5
2023-10-25;14:42:51;0.2;0.0;0.0;93.2;0.5;0.0;6.0
2023-10-25;14:42:52;0.5;0.0;0.2;96.2;0.0;0.0;3.0
2023-10-25;14:42:53;0.0;0.0;0.0;93.5;0.0;0.0;6.5
2023-10-25;14:42:54;0.2;0.0;0.5;96.0;0.0;0.0;3.2
2023-10-25;14:42:55;0.2;0.0;0.8;95.8;0.0;0.0;3.2
2023-10-25;14:42:56;0.8;0.5;1.0;91.2;0.0;0.0;6.5
2023-10-25;14:42:57;0.2;0.0;0.2;93.0;0.0;0.0;6.5
2023-10-25;14:42:58;0.0;0.0;0.2;96.5;0.0;0.0;3.2
2023-10-25;14:42:59;0.2;0.0;0.2;95.5;0.0;0.0;4.0
2023-10-25;14:43:00;0.0;0.0;0.2;98.0;0.0;0.0;1.8
2023-10-25;14:43:01;0.5;0.0;0.5;97.3;0.0;0.0;1.7
2023-10-25;14:43:02;0.2;0.0;0.5;97.5;0.0;0.0;1.8
2023-10-25;14:43:03;0.2;0.0;0.2;96.8;0.0;0.0;2.8
2023-10-25;14:43:04;0.0;0.0;0.2;97.8;0.0;0.0;2.0
2023-10-25;14:43:05;0.5;0.0;0.0;94.8;0.0;0.0;4.8
2023-10-25;14:43:06;0.2;0.2;0.0;91.5;0.2;0.0;7.8
2023-10-25;14:43:07;0.8;0.0;0.2;95.0;0.0;0.0;4.0
2023-10-25;14:43:08;0.5;0.0;0.0;96.2;0.0;0.0;3.2
2023-10-25;14:43:09;0.0;0.0;0.8;95.2;0.0;0.0;4.0
2023-10-25;14:43:10;0.0;0.0;0.0;95.8;0.0;0.0;4.2
2023-10-25;14:43:11;12.5;0.2;12.2;72.8;0.0;0.0;2.2
2023-10-25;14:43:12;1.8;0.0;3.2;90.5;0.0;0.0;4.5
2023-10-25;14:43:13;0.2;0.0;0.2;98.0;0.0;0.0;1.5
2023-10-25;14:43:14;0.0;0.0;0.2;94.0;0.0;0.0;5.8
2023-10-25;14:43:15;0.8;0.0;1.5;94.2;0.0;0.0;3.5
2023-10-25;14:43:16;0.2;0.0;0.5;95.0;0.2;0.0;4.0
2023-10-25;14:43:17;0.0;0.0;0.7;94.6;0.0;0.0;4.7
2023-10-25;14:43:18;0.2;0.0;0.5;96.2;0.0;0.0;3.0
2023-10-25;14:43:19;0.2;0.0;0.2;95.8;0.0;0.0;3.8
2023-10-25;14:43:20;0.2;0.0;0.0;96.8;0.0;0.0;3.0
2023-10-25;14:43:21;0.5;0.0;0.5;95.0;0.2;0.0;3.8
2023-10-25;14:43:22;0.0;0.0;1.0;94.8;0.0;0.0;4.2
2023-10-25;14:43:23;0.0;0.0;0.5;91.2;0.0;0.0;8.2
2023-10-25;14:43:24;0.0;0.0;0.5;96.2;0.0;0.0;3.2
2023-10-25;14:43:25;0.2;0.0;0.0;94.2;0.0;0.0;5.5
2023-10-25;14:43:26;1.0;1.0;1.2;91.0;0.0;0.0;5.8
2023-10-25;14:43:27;0.2;0.0;0.2;95.5;0.0;0.0;4.0
2023-10-25;14:43:28;0.0;0.0;0.2;96.0;0.0;0.0;3.8
2023-10-25;14:43:29;0.5;0.0;1.0;95.5;0.0;0.0;3.0
2023-10-25;14:43:30;0.2;0.0;1.5;96.2;0.0;0.0;2.0
2023-10-25;14:43:31;0.8;0.0;0.2;96.5;0.2;0.0;2.2
2023-10-25;14:43:32;0.0;0.0;0.2;95.8;0.0;0.0;4.0
2023-10-25;14:43:33;0.7;0.0;0.5;95.8;0.0;0.0;3.0
2023-10-25;14:43:34;0.0;0.0;0.5;92.0;0.0;0.0;7.5
2023-10-25;14:43:35;0.2;0.0;0.2;93.0;0.0;0.0;6.5
2023-10-25;14:43:36;0.0;0.0;0.8;92.2;0.2;0.0;6.8
2023-10-25;14:43:37;0.2;0.0;0.5;88.8;0.0;0.0;10.5
2023-10-25;14:43:38;0.0;0.0;0.0;90.8;0.0;0.0;9.2
2023-10-25;14:43:39;0.8;0.0;0.5;83.8;0.0;0.0;15.0
2023-10-25;14:43:40;0.0;0.0;0.0;88.5;0.0;0.0;11.5
2023-10-25;14:43:41;1.0;0.2;1.5;88.2;0.0;0.0;9.0
2023-10-25;14:43:42;0.2;0.0;0.0;95.5;0.0;0.0;4.2
2023-10-25;14:43:43;0.2;0.0;0.5;95.0;0.0;0.0;4.2
2023-10-25;14:43:44;0.0;0.0;0.2;93.0;0.0;0.0;6.8
2023-10-25;14:43:45;0.0;0.0;0.2;95.2;0.0;0.0;4.5
2023-10-25;14:43:46;0.5;0.2;0.2;94.8;0.0;0.0;4.2
2023-10-25;14:43:47;0.0;0.0;0.0;93.2;0.0;0.0;6.8
2023-10-25;14:43:48;0.5;0.0;0.5;93.2;0.0;0.0;5.8
2023-10-25;14:43:49;0.2;0.0;0.7;93.1;0.0;0.0;5.9
2023-10-25;14:43:50;0.0;0.0;0.0;95.8;0.0;0.0;4.2
2023-10-25;14:43:51;0.2;0.2;0.5;92.0;0.2;0.0;6.8
2023-10-25;14:43:52;0.0;0.0;0.0;96.0;0.0;0.0;4.0
2023-10-25;14:43:53;0.2;0.0;0.2;96.0;0.0;0.0;3.5
2023-10-25;14:43:54;0.2;0.0;1.2;91.8;0.0;0.0;6.8
2023-10-25;14:43:55;0.2;0.0;0.0;95.5;0.0;0.0;4.2
2023-10-25;14:43:56;0.2;1.0;1.0;93.5;0.0;0.0;4.2
2023-10-25;14:43:57;0.2;0.0;0.0;96.2;0.0;0.0;3.5
2023-10-25;14:43:58;0.0;0.0;0.8;96.0;0.0;0.0;3.2
2023-10-25;14:43:59;0.2;0.0;0.5;94.0;0.0;0.0;5.2
2023-10-25;14:44:00;0.2;0.0;0.5;97.5;0.0;0.0;1.8
2023-10-25;14:44:01;0.0;0.0;1.2;93.5;0.0;0.0;5.2
2023-10-25;14:44:02;0.0;0.0;0.0;94.5;0.0;0.0;5.5
2023-10-25;14:44:03;0.2;0.0;0.0;96.0;0.0;0.0;3.8
2023-10-25;14:44:04;0.0;0.0;0.2;97.3;0.0;0.0;2.5
2023-10-25;14:44:05;0.0;0.0;0.2;97.5;0.0;0.0;2.2
2023-10-25;14:44:06;0.0;0.2;0.0;96.8;0.2;0.0;2.8
2023-10-25;14:44:07;0.0;0.0;0.5;95.2;0.0;0.0;4.2
2023-10-25;14:44:08;0.0;0.0;0.0;95.8;0.0;0.0;4.2
2023-10-25;14:44:09;0.0;0.0;0.2;92.0;0.0;0.0;7.8
2023-10-25;14:44:10;0.0;0.0;0.2;95.0;0.0;0.0;4.8
2023-10-25;14:44:11;1.0;0.5;2.5;92.8;0.0;0.0;3.2
2023-10-25;14:44:12;0.0;0.0;0.8;95.5;0.0;0.0;3.8
2023-10-25;14:44:12;0.0;0.0;0.0;93.8;0.0;0.0;6.2
